[
  {
    "district_name": "Comilla",
    "upazilas": [
      {
        "id": "1",
        "name": "Debidwar",
        "bn_name": "দেবিদ্বার"
      },
      {
        "id": "2",
        "name": "Barura",
        "bn_name": "বরুড়া"
      },
      {
        "id": "3",
        "name": "Brahmanpara",
        "bn_name": "ব্রাহ্মণপাড়া"
      },
      {
        "id": "4",
        "name": "Chandina",
        "bn_name": "চান্দিনা"
      },
      {
        "id": "5",
        "name": "Chauddagram",
        "bn_name": "চৌদ্দগ্রাম"
      },
      {
        "id": "6",
        "name": "Daudkandi",
        "bn_name": "দাউদকান্দি"
      },
      {
        "id": "7",
        "name": "Homna",
        "bn_name": "হোমনা"
      },
      {
        "id": "8",
        "name": "Laksam",
        "bn_name": "লাকসাম"
      },
      {
        "id": "9",
        "name": "Muradnagar",
        "bn_name": "মুরাদনগর"
      },
      {
        "id": "10",
        "name": "Nangalkot",
        "bn_name": "নাঙ্গলকোট"
      },
      {
        "id": "11",
        "name": "Comilla Sadar",
        "bn_name": "কুমিল্লা সদর"
      },
      {
        "id": "12",
        "name": "Meghna",
        "bn_name": "মেঘনা"
      },
      {
        "id": "13",
        "name": "Monohargonj",
        "bn_name": "মনোহরগঞ্জ"
      },
      {
        "id": "14",
        "name": "Sadarsouth",
        "bn_name": "সদর দক্ষিণ"
      },
      {
        "id": "15",
        "name": "Titas",
        "bn_name": "তিতাস"
      },
      {
        "id": "16",
        "name": "Burichang",
        "bn_name": "বুড়িচং"
      },
      {
        "id": "17",
        "name": "Lalmai",
        "bn_name": "লালমাই"
      }
    ]
  },
  {
    "district_name": "Feni",
    "upazilas": [
      {
        "id": "18",
        "name": "Chhagalnaiya",
        "bn_name": "ছাগলনাইয়া"
      },
      {
        "id": "19",
        "name": "Feni Sadar",
        "bn_name": "ফেনী সদর"
      },
      {
        "id": "20",
        "name": "Sonagazi",
        "bn_name": "সোনাগাজী"
      },
      {
        "id": "21",
        "name": "Fulgazi",
        "bn_name": "ফুলগাজী"
      },
      {
        "id": "22",
        "name": "Parshuram",
        "bn_name": "পরশুরাম"
      },
      {
        "id": "23",
        "name": "Daganbhuiyan",
        "bn_name": "দাগনভূঞা"
      }
    ]
  },
  {
    "district_name": "Brahmanbaria",
    "upazilas": [
      {
        "id": "24",
        "name": "Brahmanbaria Sadar",
        "bn_name": "ব্রাহ্মণবাড়িয়া সদর"
      },
      {
        "id": "25",
        "name": "Kasba",
        "bn_name": "কসবা"
      },
      {
        "id": "26",
        "name": "Nasirnagar",
        "bn_name": "নাসিরনগর"
      },
      {
        "id": "27",
        "name": "Sarail",
        "bn_name": "সরাইল"
      },
      {
        "id": "28",
        "name": "Ashuganj",
        "bn_name": "আশুগঞ্জ"
      },
      {
        "id": "29",
        "name": "Akhaura",
        "bn_name": "আখাউড়া"
      },
      {
        "id": "30",
        "name": "Nabinagar",
        "bn_name": "নবীনগর"
      },
      {
        "id": "31",
        "name": "Bancharampur",
        "bn_name": "বাঞ্ছারামপুর"
      },
      {
        "id": "32",
        "name": "Bijoynagar",
        "bn_name": "বিজয়নগর"
      }
    ]
  },
  {
    "district_name": "Rangamati",
    "upazilas": [
      {
        "id": "33",
        "name": "Rangamati Sadar",
        "bn_name": "রাঙ্গামাটি সদর"
      },
      {
        "id": "34",
        "name": "Kaptai",
        "bn_name": "কাপ্তাই"
      },
      {
        "id": "35",
        "name": "Kawkhali",
        "bn_name": "কাউখালী"
      },
      {
        "id": "36",
        "name": "Baghaichari",
        "bn_name": "বাঘাইছড়ি"
      },
      {
        "id": "37",
        "name": "Barkal",
        "bn_name": "বরকল"
      },
      {
        "id": "38",
        "name": "Langadu",
        "bn_name": "লংগদু"
      },
      {
        "id": "39",
        "name": "Rajasthali",
        "bn_name": "রাজস্থলী"
      },
      {
        "id": "40",
        "name": "Belaichari",
        "bn_name": "বিলাইছড়ি"
      },
      {
        "id": "41",
        "name": "Juraichari",
        "bn_name": "জুরাছড়ি"
      },
      {
        "id": "42",
        "name": "Naniarchar",
        "bn_name": "নানিয়ারচর"
      }
    ]
  },
  {
    "district_name": "Noakhali",
    "upazilas": [
      {
        "id": "43",
        "name": "Noakhali Sadar",
        "bn_name": "নোয়াখালী সদর"
      },
      {
        "id": "44",
        "name": "Companiganj",
        "bn_name": "কোম্পানীগঞ্জ"
      },
      {
        "id": "45",
        "name": "Begumganj",
        "bn_name": "বেগমগঞ্জ"
      },
      {
        "id": "46",
        "name": "Hatia",
        "bn_name": "হাতিয়া"
      },
      {
        "id": "47",
        "name": "Subarnachar",
        "bn_name": "সুবর্ণচর"
      },
      {
        "id": "48",
        "name": "Kabirhat",
        "bn_name": "কবিরহাট"
      },
      {
        "id": "49",
        "name": "Senbug",
        "bn_name": "সেনবাগ"
      },
      {
        "id": "50",
        "name": "Chatkhil",
        "bn_name": "চাটখিল"
      },
      {
        "id": "51",
        "name": "Sonaimori",
        "bn_name": "সোনাইমুড়ী"
      }
    ]
  },
  {
    "district_name": "Chandpur",
    "upazilas": [
      {
        "id": "52",
        "name": "Haimchar",
        "bn_name": "হাইমচর"
      },
      {
        "id": "53",
        "name": "Kachua",
        "bn_name": "কচুয়া"
      },
      {
        "id": "54",
        "name": "Shahrasti",
        "bn_name": "শাহরাস্তি\t"
      },
      {
        "id": "55",
        "name": "Chandpur Sadar",
        "bn_name": "চাঁদপুর সদর"
      },
      {
        "id": "56",
        "name": "Matlab South",
        "bn_name": "মতলব দক্ষিণ"
      },
      {
        "id": "57",
        "name": "Hajiganj",
        "bn_name": "হাজীগঞ্জ"
      },
      {
        "id": "58",
        "name": "Matlab North",
        "bn_name": "মতলব উত্তর"
      },
      {
        "id": "59",
        "name": "Faridgonj",
        "bn_name": "ফরিদগঞ্জ"
      }
    ]
  },
  {
    "district_name": "Lakshmipur",
    "upazilas": [
      {
        "id": "60",
        "name": "Lakshmipur Sadar",
        "bn_name": "লক্ষ্মীপুর সদর"
      },
      {
        "id": "61",
        "name": "Kamalnagar",
        "bn_name": "কমলনগর"
      },
      {
        "id": "62",
        "name": "Raipur",
        "bn_name": "রায়পুর"
      },
      {
        "id": "63",
        "name": "Ramgati",
        "bn_name": "রামগতি"
      },
      {
        "id": "64",
        "name": "Ramganj",
        "bn_name": "রামগঞ্জ"
      }
    ]
  },
  {
    "district_name": "Chittagong",
    "upazilas": [
      {
        "id": "65",
        "name": "Rangunia",
        "bn_name": "রাঙ্গুনিয়া"
      },
      {
        "id": "a1",
        "name": "Chittagong",
        "bn_name": "Chittagong"
      },
      {
        "id": "66",
        "name": "Sitakunda",
        "bn_name": "সীতাকুন্ড"
      },
      {
        "id": "67",
        "name": "Mirsharai",
        "bn_name": "মীরসরাই"
      },
      {
        "id": "68",
        "name": "Patiya",
        "bn_name": "পটিয়া"
      },
      {
        "id": "69",
        "name": "Sandwip",
        "bn_name": "সন্দ্বীপ"
      },
      {
        "id": "70",
        "name": "Banshkhali",
        "bn_name": "বাঁশখালী"
      },
      {
        "id": "71",
        "name": "Boalkhali",
        "bn_name": "বোয়ালখালী"
      },
      {
        "id": "72",
        "name": "Anwara",
        "bn_name": "আনোয়ারা"
      },
      {
        "id": "73",
        "name": "Chandanaish",
        "bn_name": "চন্দনাইশ"
      },
      {
        "id": "74",
        "name": "Satkania",
        "bn_name": "সাতকানিয়া"
      },
      {
        "id": "75",
        "name": "Lohagara",
        "bn_name": "লোহাগাড়া"
      },
      {
        "id": "76",
        "name": "Hathazari",
        "bn_name": "হাটহাজারী"
      },
      {
        "id": "77",
        "name": "Fatikchhari",
        "bn_name": "ফটিকছড়ি"
      },
      {
        "id": "78",
        "name": "Raozan",
        "bn_name": "রাউজান"
      },
      {
        "id": "79",
        "name": "Karnafuli",
        "bn_name": "কর্ণফুলী"
      }
    ]
  },
  {
    "district_name": "Coxsbazar",
    "upazilas": [
      {
        "id": "80",
        "name": "Coxsbazar Sadar",
        "bn_name": "কক্সবাজার সদর"
      },
      {
        "id": "81",
        "name": "Chakaria",
        "bn_name": "চকরিয়া"
      },
      {
        "id": "82",
        "name": "Kutubdia",
        "bn_name": "কুতুবদিয়া"
      },
      {
        "id": "83",
        "name": "Ukhiya",
        "bn_name": "উখিয়া"
      },
      {
        "id": "84",
        "name": "Moheshkhali",
        "bn_name": "মহেশখালী"
      },
      {
        "id": "85",
        "name": "Pekua",
        "bn_name": "পেকুয়া"
      },
      {
        "id": "86",
        "name": "Ramu",
        "bn_name": "রামু"
      },
      {
        "id": "87",
        "name": "Teknaf",
        "bn_name": "টেকনাফ"
      }
    ]
  },
  {
    "district_name": "Khagrachhari",
    "upazilas": [
      {
        "id": "88",
        "name": "Khagrachhari Sadar",
        "bn_name": "খাগড়াছড়ি সদর"
      },
      {
        "id": "89",
        "name": "Dighinala",
        "bn_name": "দিঘীনালা"
      },
      {
        "id": "90",
        "name": "Panchari",
        "bn_name": "পানছড়ি"
      },
      {
        "id": "91",
        "name": "Laxmichhari",
        "bn_name": "লক্ষীছড়ি"
      },
      {
        "id": "92",
        "name": "Mohalchari",
        "bn_name": "মহালছড়ি"
      },
      {
        "id": "93",
        "name": "Manikchari",
        "bn_name": "মানিকছড়ি"
      },
      {
        "id": "94",
        "name": "Ramgarh",
        "bn_name": "রামগড়"
      },
      {
        "id": "95",
        "name": "Matiranga",
        "bn_name": "মাটিরাঙ্গা"
      },
      {
        "id": "96",
        "name": "Guimara",
        "bn_name": "গুইমারা"
      }
    ]
  },
  {
    "district_name": "Bandarban",
    "upazilas": [
      {
        "id": "97",
        "name": "Bandarban Sadar",
        "bn_name": "বান্দরবান সদর"
      },
      {
        "id": "98",
        "name": "Alikadam",
        "bn_name": "আলীকদম"
      },
      {
        "id": "99",
        "name": "Naikhongchhari",
        "bn_name": "নাইক্ষ্যংছড়ি"
      },
      {
        "id": "100",
        "name": "Rowangchhari",
        "bn_name": "রোয়াংছড়ি"
      },
      {
        "id": "101",
        "name": "Lama",
        "bn_name": "লামা"
      },
      {
        "id": "102",
        "name": "Ruma",
        "bn_name": "রুমা"
      },
      {
        "id": "103",
        "name": "Thanchi",
        "bn_name": "থানচি"
      }
    ]
  },
  {
    "district_name": "Sirajganj",
    "upazilas": [
      {
        "id": "104",
        "name": "Belkuchi",
        "bn_name": "বেলকুচি"
      },
      {
        "id": "105",
        "name": "Chauhali",
        "bn_name": "চৌহালি"
      },
      {
        "id": "106",
        "name": "Kamarkhand",
        "bn_name": "কামারখন্দ"
      },
      {
        "id": "107",
        "name": "Kazipur",
        "bn_name": "কাজীপুর"
      },
      {
        "id": "108",
        "name": "Raigonj",
        "bn_name": "রায়গঞ্জ"
      },
      {
        "id": "109",
        "name": "Shahjadpur",
        "bn_name": "শাহজাদপুর"
      },
      {
        "id": "110",
        "name": "Sirajganj Sadar",
        "bn_name": "সিরাজগঞ্জ সদর"
      },
      {
        "id": "111",
        "name": "Tarash",
        "bn_name": "তাড়াশ"
      },
      {
        "id": "112",
        "name": "Ullapara",
        "bn_name": "উল্লাপাড়া"
      }
    ]
  },
  {
    "district_name": "Pabna",
    "upazilas": [
      {
        "id": "113",
        "name": "Sujanagar",
        "bn_name": "সুজানগর"
      },
      {
        "id": "114",
        "name": "Ishurdi",
        "bn_name": "ঈশ্বরদী"
      },
      {
        "id": "115",
        "name": "Bhangura",
        "bn_name": "ভাঙ্গুড়া"
      },
      {
        "id": "116",
        "name": "Pabna Sadar",
        "bn_name": "পাবনা সদর"
      },
      {
        "id": "117",
        "name": "Bera",
        "bn_name": "বেড়া"
      },
      {
        "id": "118",
        "name": "Atghoria",
        "bn_name": "আটঘরিয়া"
      },
      {
        "id": "119",
        "name": "Chatmohar",
        "bn_name": "চাটমোহর"
      },
      {
        "id": "120",
        "name": "Santhia",
        "bn_name": "সাঁথিয়া"
      },
      {
        "id": "121",
        "name": "Faridpur",
        "bn_name": "ফরিদপুর"
      }
    ]
  },
  {
    "district_name": "Bogra",
    "upazilas": [
      {
        "id": "122",
        "name": "Kahaloo",
        "bn_name": "কাহালু"
      },
      {
        "id": "123",
        "name": "Bogra Sadar",
        "bn_name": "বগুড়া সদর"
      },
      {
        "id": "124",
        "name": "Shariakandi",
        "bn_name": "সারিয়াকান্দি"
      },
      {
        "id": "125",
        "name": "Shajahanpur",
        "bn_name": "শাজাহানপুর"
      },
      {
        "id": "126",
        "name": "Dupchanchia",
        "bn_name": "দুপচাচিঁয়া"
      },
      {
        "id": "127",
        "name": "Adamdighi",
        "bn_name": "আদমদিঘি"
      },
      {
        "id": "128",
        "name": "Nondigram",
        "bn_name": "নন্দিগ্রাম"
      },
      {
        "id": "129",
        "name": "Sonatala",
        "bn_name": "সোনাতলা"
      },
      {
        "id": "130",
        "name": "Dhunot",
        "bn_name": "ধুনট"
      },
      {
        "id": "131",
        "name": "Gabtali",
        "bn_name": "গাবতলী"
      },
      {
        "id": "132",
        "name": "Sherpur",
        "bn_name": "শেরপুর"
      },
      {
        "id": "133",
        "name": "Shibganj",
        "bn_name": "শিবগঞ্জ"
      }
    ]
  },
  {
    "district_name": "Rajshahi",
    "upazilas": [
      {
        "id": "134",
        "name": "Paba",
        "bn_name": "পবা"
      },
      {
        "id": "135",
        "name": "Durgapur",
        "bn_name": "দুর্গাপুর"
      },
      {
        "id": "136",
        "name": "Mohonpur",
        "bn_name": "মোহনপুর"
      },
      {
        "id": "137",
        "name": "Charghat",
        "bn_name": "চারঘাট"
      },
      {
        "id": "138",
        "name": "Puthia",
        "bn_name": "পুঠিয়া"
      },
      {
        "id": "139",
        "name": "Bagha",
        "bn_name": "বাঘা"
      },
      {
        "id": "140",
        "name": "Godagari",
        "bn_name": "গোদাগাড়ী"
      },
      {
        "id": "141",
        "name": "Tanore",
        "bn_name": "তানোর"
      },
      {
        "id": "142",
        "name": "Bagmara",
        "bn_name": "বাগমারা"
      }
    ]
  },
  {
    "district_name": "Natore",
    "upazilas": [
      {
        "id": "143",
        "name": "Natore Sadar",
        "bn_name": "নাটোর সদর"
      },
      {
        "id": "144",
        "name": "Singra",
        "bn_name": "সিংড়া"
      },
      {
        "id": "145",
        "name": "Baraigram",
        "bn_name": "বড়াইগ্রাম"
      },
      {
        "id": "146",
        "name": "Bagatipara",
        "bn_name": "বাগাতিপাড়া"
      },
      {
        "id": "147",
        "name": "Lalpur",
        "bn_name": "লালপুর"
      },
      {
        "id": "148",
        "name": "Gurudaspur",
        "bn_name": "গুরুদাসপুর"
      },
      {
        "id": "149",
        "name": "Naldanga",
        "bn_name": "নলডাঙ্গা"
      }
    ]
  },
  {
    "district_name": "Joypurhat",
    "upazilas": [
      {
        "id": "150",
        "name": "Akkelpur",
        "bn_name": "আক্কেলপুর"
      },
      {
        "id": "151",
        "name": "Kalai",
        "bn_name": "কালাই"
      },
      {
        "id": "152",
        "name": "Khetlal",
        "bn_name": "ক্ষেতলাল"
      },
      {
        "id": "153",
        "name": "Panchbibi",
        "bn_name": "পাঁচবিবি"
      },
      {
        "id": "154",
        "name": "Joypurhat Sadar",
        "bn_name": "জয়পুরহাট সদর"
      }
    ]
  },
  {
    "district_name": "Chapainawabganj",
    "upazilas": [
      {
        "id": "155",
        "name": "Chapainawabganj Sadar",
        "bn_name": "চাঁপাইনবাবগঞ্জ সদর"
      },
      {
        "id": "156",
        "name": "Gomostapur",
        "bn_name": "গোমস্তাপুর"
      },
      {
        "id": "157",
        "name": "Nachol",
        "bn_name": "নাচোল"
      },
      {
        "id": "158",
        "name": "Bholahat",
        "bn_name": "ভোলাহাট"
      },
      {
        "id": "159",
        "name": "Shibganj",
        "bn_name": "শিবগঞ্জ"
      }
    ]
  },
  {
    "district_name": "Naogaon",
    "upazilas": [
      {
        "id": "160",
        "name": "Mohadevpur",
        "bn_name": "মহাদেবপুর"
      },
      {
        "id": "161",
        "name": "Badalgachi",
        "bn_name": "বদলগাছী"
      },
      {
        "id": "162",
        "name": "Patnitala",
        "bn_name": "পত্নিতলা"
      },
      {
        "id": "163",
        "name": "Dhamoirhat",
        "bn_name": "ধামইরহাট"
      },
      {
        "id": "164",
        "name": "Niamatpur",
        "bn_name": "নিয়ামতপুর"
      },
      {
        "id": "165",
        "name": "Manda",
        "bn_name": "মান্দা"
      },
      {
        "id": "166",
        "name": "Atrai",
        "bn_name": "আত্রাই"
      },
      {
        "id": "167",
        "name": "Raninagar",
        "bn_name": "রাণীনগর"
      },
      {
        "id": "168",
        "name": "Naogaon Sadar",
        "bn_name": "নওগাঁ সদর"
      },
      {
        "id": "169",
        "name": "Porsha",
        "bn_name": "পোরশা"
      },
      {
        "id": "170",
        "name": "Sapahar",
        "bn_name": "সাপাহার"
      }
    ]
  },
  {
    "district_name": "Jessore",
    "upazilas": [
      {
        "id": "171",
        "name": "Manirampur",
        "bn_name": "মণিরামপুর"
      },
      {
        "id": "172",
        "name": "Abhaynagar",
        "bn_name": "অভয়নগর"
      },
      {
        "id": "173",
        "name": "Bagherpara",
        "bn_name": "বাঘারপাড়া"
      },
      {
        "id": "174",
        "name": "Chougachha",
        "bn_name": "চৌগাছা"
      },
      {
        "id": "175",
        "name": "Jhikargacha",
        "bn_name": "ঝিকরগাছা"
      },
      {
        "id": "176",
        "name": "Keshabpur",
        "bn_name": "কেশবপুর"
      },
      {
        "id": "177",
        "name": "Jessore Sadar",
        "bn_name": "যশোর সদর"
      },
      {
        "id": "178",
        "name": "Sharsha",
        "bn_name": "শার্শা"
      }
    ]
  },
  {
    "district_name": "Satkhira",
    "upazilas": [
      {
        "id": "179",
        "name": "Assasuni",
        "bn_name": "আশাশুনি"
      },
      {
        "id": "180",
        "name": "Debhata",
        "bn_name": "দেবহাটা"
      },
      {
        "id": "181",
        "name": "Kalaroa",
        "bn_name": "কলারোয়া"
      },
      {
        "id": "182",
        "name": "Satkhira Sadar",
        "bn_name": "সাতক্ষীরা সদর"
      },
      {
        "id": "183",
        "name": "Shyamnagar",
        "bn_name": "শ্যামনগর"
      },
      {
        "id": "184",
        "name": "Tala",
        "bn_name": "তালা"
      },
      {
        "id": "185",
        "name": "Kaliganj",
        "bn_name": "কালিগঞ্জ"
      }
    ]
  },
  {
    "district_name": "Meherpur",
    "upazilas": [
      {
        "id": "186",
        "name": "Mujibnagar",
        "bn_name": "মুজিবনগর"
      },
      {
        "id": "187",
        "name": "Meherpur Sadar",
        "bn_name": "মেহেরপুর সদর"
      },
      {
        "id": "188",
        "name": "Gangni",
        "bn_name": "গাংনী"
      }
    ]
  },
  {
    "district_name": "Narail",
    "upazilas": [
      {
        "id": "189",
        "name": "Narail Sadar",
        "bn_name": "নড়াইল সদর"
      },
      {
        "id": "190",
        "name": "Lohagara",
        "bn_name": "লোহাগড়া"
      },
      {
        "id": "191",
        "name": "Kalia",
        "bn_name": "কালিয়া"
      }
    ]
  },
  {
    "district_name": "Chuadanga",
    "upazilas": [
      {
        "id": "192",
        "name": "Chuadanga Sadar",
        "bn_name": "চুয়াডাঙ্গা সদর"
      },
      {
        "id": "193",
        "name": "Alamdanga",
        "bn_name": "আলমডাঙ্গা"
      },
      {
        "id": "194",
        "name": "Damurhuda",
        "bn_name": "দামুড়হুদা"
      },
      {
        "id": "195",
        "name": "Jibannagar",
        "bn_name": "জীবননগর"
      }
    ]
  },
  {
    "district_name": "Kushtia",
    "upazilas": [
      {
        "id": "196",
        "name": "Kushtia Sadar",
        "bn_name": "কুষ্টিয়া সদর"
      },
      {
        "id": "197",
        "name": "Kumarkhali",
        "bn_name": "কুমারখালী"
      },
      {
        "id": "198",
        "name": "Khoksa",
        "bn_name": "খোকসা"
      },
      {
        "id": "199",
        "name": "Mirpur",
        "bn_name": "মিরপুর"
      },
      {
        "id": "200",
        "name": "Daulatpur",
        "bn_name": "দৌলতপুর"
      },
      {
        "id": "201",
        "name": "Bheramara",
        "bn_name": "ভেড়ামারা"
      }
    ]
  },
  {
    "district_name": "Magura",
    "upazilas": [
      {
        "id": "202",
        "name": "Shalikha",
        "bn_name": "শালিখা"
      },
      {
        "id": "203",
        "name": "Sreepur",
        "bn_name": "শ্রীপুর"
      },
      {
        "id": "204",
        "name": "Magura Sadar",
        "bn_name": "মাগুরা সদর"
      },
      {
        "id": "205",
        "name": "Mohammadpur",
        "bn_name": "মহম্মদপুর"
      }
    ]
  },
  {
    "district_name": "Khulna",
    "upazilas": [
      {
        "id": "206",
        "name": "Paikgasa",
        "bn_name": "পাইকগাছা"
      },
      {
        "id": "207",
        "name": "Fultola",
        "bn_name": "ফুলতলা"
      },
      {
        "id": "208",
        "name": "Digholia",
        "bn_name": "দিঘলিয়া"
      },
      {
        "id": "209",
        "name": "Rupsha",
        "bn_name": "রূপসা"
      },
      {
        "id": "210",
        "name": "Terokhada",
        "bn_name": "তেরখাদা"
      },
      {
        "id": "211",
        "name": "Dumuria",
        "bn_name": "ডুমুরিয়া"
      },
      {
        "id": "212",
        "name": "Botiaghata",
        "bn_name": "বটিয়াঘাটা"
      },
      {
        "id": "213",
        "name": "Dakop",
        "bn_name": "দাকোপ"
      },
      {
        "id": "214",
        "name": "Koyra",
        "bn_name": "কয়রা"
      }
    ]
  },
  {
    "district_name": "Bagerhat",
    "upazilas": [
      {
        "id": "215",
        "name": "Fakirhat",
        "bn_name": "ফকিরহাট"
      },
      {
        "id": "216",
        "name": "Bagerhat Sadar",
        "bn_name": "বাগেরহাট সদর"
      },
      {
        "id": "217",
        "name": "Mollahat",
        "bn_name": "মোল্লাহাট"
      },
      {
        "id": "218",
        "name": "Sarankhola",
        "bn_name": "শরণখোলা"
      },
      {
        "id": "219",
        "name": "Rampal",
        "bn_name": "রামপাল"
      },
      {
        "id": "220",
        "name": "Morrelganj",
        "bn_name": "মোড়েলগঞ্জ"
      },
      {
        "id": "221",
        "name": "Kachua",
        "bn_name": "কচুয়া"
      },
      {
        "id": "222",
        "name": "Mongla",
        "bn_name": "মোংলা"
      },
      {
        "id": "223",
        "name": "Chitalmari",
        "bn_name": "চিতলমারী"
      }
    ]
  },
  {
    "district_name": "Jhenaidah",
    "upazilas": [
      {
        "id": "224",
        "name": "Jhenaidah Sadar",
        "bn_name": "ঝিনাইদহ সদর"
      },
      {
        "id": "225",
        "name": "Shailkupa",
        "bn_name": "শৈলকুপা"
      },
      {
        "id": "226",
        "name": "Harinakundu",
        "bn_name": "হরিণাকুন্ডু"
      },
      {
        "id": "227",
        "name": "Kaliganj",
        "bn_name": "কালীগঞ্জ"
      },
      {
        "id": "228",
        "name": "Kotchandpur",
        "bn_name": "কোটচাঁদপুর"
      },
      {
        "id": "229",
        "name": "Moheshpur",
        "bn_name": "মহেশপুর"
      }
    ]
  },
  {
    "district_name": "Jhalakathi",
    "upazilas": [
      {
        "id": "230",
        "name": "Jhalakathi Sadar",
        "bn_name": "ঝালকাঠি সদর"
      },
      {
        "id": "231",
        "name": "Kathalia",
        "bn_name": "কাঠালিয়া"
      },
      {
        "id": "232",
        "name": "Nalchity",
        "bn_name": "নলছিটি"
      },
      {
        "id": "233",
        "name": "Rajapur",
        "bn_name": "রাজাপুর"
      }
    ]
  },
  {
    "district_name": "Patuakhali",
    "upazilas": [
      {
        "id": "234",
        "name": "Bauphal",
        "bn_name": "বাউফল"
      },
      {
        "id": "235",
        "name": "Patuakhali Sadar",
        "bn_name": "পটুয়াখালী সদর"
      },
      {
        "id": "236",
        "name": "Dumki",
        "bn_name": "দুমকি"
      },
      {
        "id": "237",
        "name": "Dashmina",
        "bn_name": "দশমিনা"
      },
      {
        "id": "238",
        "name": "Kalapara",
        "bn_name": "কলাপাড়া"
      },
      {
        "id": "239",
        "name": "Mirzaganj",
        "bn_name": "মির্জাগঞ্জ"
      },
      {
        "id": "240",
        "name": "Galachipa",
        "bn_name": "গলাচিপা"
      },
      {
        "id": "241",
        "name": "Rangabali",
        "bn_name": "রাঙ্গাবালী"
      }
    ]
  },
  {
    "district_name": "Pirojpur",
    "upazilas": [
      {
        "id": "242",
        "name": "Pirojpur Sadar",
        "bn_name": "পিরোজপুর সদর"
      },
      {
        "id": "243",
        "name": "Nazirpur",
        "bn_name": "নাজিরপুর"
      },
      {
        "id": "244",
        "name": "Kawkhali",
        "bn_name": "কাউখালী"
      },
      {
        "id": "245",
        "name": "Zianagar",
        "bn_name": "জিয়ানগর"
      },
      {
        "id": "246",
        "name": "Bhandaria",
        "bn_name": "ভান্ডারিয়া"
      },
      {
        "id": "247",
        "name": "Mathbaria",
        "bn_name": "মঠবাড়ীয়া"
      },
      {
        "id": "248",
        "name": "Nesarabad",
        "bn_name": "নেছারাবাদ"
      }
    ]
  },
  {
    "district_name": "Barisal",
    "upazilas": [
      {
        "id": "249",
        "name": "Barisal Sadar",
        "bn_name": "বরিশাল সদর"
      },
      {
        "id": "250",
        "name": "Bakerganj",
        "bn_name": "বাকেরগঞ্জ"
      },
      {
        "id": "251",
        "name": "Babuganj",
        "bn_name": "বাবুগঞ্জ"
      },
      {
        "id": "252",
        "name": "Wazirpur",
        "bn_name": "উজিরপুর"
      },
      {
        "id": "253",
        "name": "Banaripara",
        "bn_name": "বানারীপাড়া"
      },
      {
        "id": "254",
        "name": "Gournadi",
        "bn_name": "গৌরনদী"
      },
      {
        "id": "255",
        "name": "Agailjhara",
        "bn_name": "আগৈলঝাড়া"
      },
      {
        "id": "256",
        "name": "Mehendiganj",
        "bn_name": "মেহেন্দিগঞ্জ"
      },
      {
        "id": "257",
        "name": "Muladi",
        "bn_name": "মুলাদী"
      },
      {
        "id": "258",
        "name": "Hizla",
        "bn_name": "হিজলা"
      }
    ]
  },
  {
    "district_name": "Bhola",
    "upazilas": [
      {
        "id": "259",
        "name": "Bhola Sadar",
        "bn_name": "ভোলা সদর"
      },
      {
        "id": "260",
        "name": "Borhan Sddin",
        "bn_name": "বোরহান উদ্দিন"
      },
      {
        "id": "261",
        "name": "Charfesson",
        "bn_name": "চরফ্যাশন"
      },
      {
        "id": "262",
        "name": "Doulatkhan",
        "bn_name": "দৌলতখান"
      },
      {
        "id": "263",
        "name": "Monpura",
        "bn_name": "মনপুরা"
      },
      {
        "id": "264",
        "name": "Tazumuddin",
        "bn_name": "তজুমদ্দিন"
      },
      {
        "id": "265",
        "name": "Lalmohan",
        "bn_name": "লালমোহন"
      }
    ]
  },
  {
    "district_name": "Barguna",
    "upazilas": [
      {
        "id": "266",
        "name": "Amtali",
        "bn_name": "আমতলী"
      },
      {
        "id": "267",
        "name": "Barguna Sadar",
        "bn_name": "বরগুনা সদর"
      },
      {
        "id": "268",
        "name": "Betagi",
        "bn_name": "বেতাগী"
      },
      {
        "id": "269",
        "name": "Bamna",
        "bn_name": "বামনা"
      },
      {
        "id": "270",
        "name": "Pathorghata",
        "bn_name": "পাথরঘাটা"
      },
      {
        "id": "271",
        "name": "Taltali",
        "bn_name": "তালতলি"
      }
    ]
  },
  {
    "district_name": "Sylhet",
    "upazilas": [
      {
        "id": "272",
        "name": "Balaganj",
        "bn_name": "বালাগঞ্জ"
      },
      {
        "id": "273",
        "name": "Beanibazar",
        "bn_name": "বিয়ানীবাজার"
      },
      {
        "id": "274",
        "name": "Bishwanath",
        "bn_name": "বিশ্বনাথ"
      },
      {
        "id": "275",
        "name": "Companiganj",
        "bn_name": "কোম্পানীগঞ্জ"
      },
      {
        "id": "276",
        "name": "Fenchuganj",
        "bn_name": "ফেঞ্চুগঞ্জ"
      },
      {
        "id": "277",
        "name": "Golapganj",
        "bn_name": "গোলাপগঞ্জ"
      },
      {
        "id": "278",
        "name": "Gowainghat",
        "bn_name": "গোয়াইনঘাট"
      },
      {
        "id": "279",
        "name": "Jaintiapur",
        "bn_name": "জৈন্তাপুর"
      },
      {
        "id": "280",
        "name": "Kanaighat",
        "bn_name": "কানাইঘাট"
      },
      {
        "id": "281",
        "name": "Sylhet Sadar",
        "bn_name": "সিলেট সদর"
      },
      {
        "id": "282",
        "name": "Zakiganj",
        "bn_name": "জকিগঞ্জ"
      },
      {
        "id": "283",
        "name": "Dakshinsurma",
        "bn_name": "দক্ষিণ সুরমা"
      },
      {
        "id": "284",
        "name": "Osmaninagar",
        "bn_name": "ওসমানী নগর"
      }
    ]
  },
  {
    "district_name": "Moulvibazar",
    "upazilas": [
      {
        "id": "285",
        "name": "Barlekha",
        "bn_name": "বড়লেখা"
      },
      {
        "id": "286",
        "name": "Kamolganj",
        "bn_name": "কমলগঞ্জ"
      },
      {
        "id": "287",
        "name": "Kulaura",
        "bn_name": "কুলাউড়া"
      },
      {
        "id": "288",
        "name": "Moulvibazar Sadar",
        "bn_name": "মৌলভীবাজার সদর"
      },
      {
        "id": "289",
        "name": "Rajnagar",
        "bn_name": "রাজনগর"
      },
      {
        "id": "290",
        "name": "Sreemangal",
        "bn_name": "শ্রীমঙ্গল"
      },
      {
        "id": "291",
        "name": "Juri",
        "bn_name": "জুড়ী"
      }
    ]
  },
  {
    "district_name": "Habiganj",
    "upazilas": [
      {
        "id": "292",
        "name": "Nabiganj",
        "bn_name": "নবীগঞ্জ"
      },
      {
        "id": "293",
        "name": "Bahubal",
        "bn_name": "বাহুবল"
      },
      {
        "id": "294",
        "name": "Ajmiriganj",
        "bn_name": "আজমিরীগঞ্জ"
      },
      {
        "id": "295",
        "name": "Baniachong",
        "bn_name": "বানিয়াচং"
      },
      {
        "id": "296",
        "name": "Lakhai",
        "bn_name": "লাখাই"
      },
      {
        "id": "297",
        "name": "Chunarughat",
        "bn_name": "চুনারুঘাট"
      },
      {
        "id": "298",
        "name": "Habiganj Sadar",
        "bn_name": "হবিগঞ্জ সদর"
      },
      {
        "id": "299",
        "name": "Madhabpur",
        "bn_name": "মাধবপুর"
      }
    ]
  },
  {
    "district_name": "Sunamganj",
    "upazilas": [
      {
        "id": "300",
        "name": "Sunamganj Sadar",
        "bn_name": "সুনামগঞ্জ সদর"
      },
      {
        "id": "301",
        "name": "South Sunamganj",
        "bn_name": "দক্ষিণ সুনামগঞ্জ"
      },
      {
        "id": "302",
        "name": "Bishwambarpur",
        "bn_name": "বিশ্বম্ভরপুর"
      },
      {
        "id": "303",
        "name": "Chhatak",
        "bn_name": "ছাতক"
      },
      {
        "id": "304",
        "name": "Jagannathpur",
        "bn_name": "জগন্নাথপুর"
      },
      {
        "id": "305",
        "name": "Dowarabazar",
        "bn_name": "দোয়ারাবাজার"
      },
      {
        "id": "306",
        "name": "Tahirpur",
        "bn_name": "তাহিরপুর"
      },
      {
        "id": "307",
        "name": "Dharmapasha",
        "bn_name": "ধর্মপাশা"
      },
      {
        "id": "308",
        "name": "Jamalganj",
        "bn_name": "জামালগঞ্জ"
      },
      {
        "id": "309",
        "name": "Shalla",
        "bn_name": "শাল্লা"
      },
      {
        "id": "310",
        "name": "Derai",
        "bn_name": "দিরাই"
      }
    ]
  },
  {
    "district_name": "Narsingdi",
    "upazilas": [
      {
        "id": "311",
        "name": "Belabo",
        "bn_name": "বেলাবো"
      },
      {
        "id": "312",
        "name": "Monohardi",
        "bn_name": "মনোহরদী"
      },
      {
        "id": "313",
        "name": "Narsingdi Sadar",
        "bn_name": "নরসিংদী সদর"
      },
      {
        "id": "314",
        "name": "Palash",
        "bn_name": "পলাশ"
      },
      {
        "id": "315",
        "name": "Raipura",
        "bn_name": "রায়পুরা"
      },
      {
        "id": "316",
        "name": "Shibpur",
        "bn_name": "শিবপুর"
      }
    ]
  },
  {
    "district_name": "Gazipur",
    "upazilas": [
      {
        "id": "317",
        "name": "Kaliganj",
        "bn_name": "কালীগঞ্জ"
      },
      {
        "id": "318",
        "name": "Kaliakair",
        "bn_name": "কালিয়াকৈর"
      },
      {
        "id": "319",
        "name": "Kapasia",
        "bn_name": "কাপাসিয়া"
      },
      {
        "id": "320",
        "name": "Gazipur Sadar",
        "bn_name": "গাজীপুর সদর"
      },
      {
        "id": "321",
        "name": "Sreepur",
        "bn_name": "শ্রীপুর"
      }
    ]
  },
  {
    "district_name": "Shariatpur",
    "upazilas": [
      {
        "id": "322",
        "name": "Shariatpur Sadar",
        "bn_name": "শরিয়তপুর সদর"
      },
      {
        "id": "323",
        "name": "Naria",
        "bn_name": "নড়িয়া"
      },
      {
        "id": "324",
        "name": "Zajira",
        "bn_name": "জাজিরা"
      },
      {
        "id": "325",
        "name": "Gosairhat",
        "bn_name": "গোসাইরহাট"
      },
      {
        "id": "326",
        "name": "Bhedarganj",
        "bn_name": "ভেদরগঞ্জ"
      },
      {
        "id": "327",
        "name": "Damudya",
        "bn_name": "ডামুড্যা"
      }
    ]
  },
  {
    "district_name": "Narayanganj",
    "upazilas": [
      {
        "id": "328",
        "name": "Araihazar",
        "bn_name": "আড়াইহাজার"
      },
      {
        "id": "329",
        "name": "Bandar",
        "bn_name": "বন্দর"
      },
      {
        "id": "330",
        "name": "Narayanganj Sadar",
        "bn_name": "নারায়নগঞ্জ সদর"
      },
      {
        "id": "331",
        "name": "Rupganj",
        "bn_name": "রূপগঞ্জ"
      },
      {
        "id": "332",
        "name": "Sonargaon",
        "bn_name": "সোনারগাঁ"
      }
    ]
  },
  {
    "district_name": "Tangail",
    "upazilas": [
      {
        "id": "333",
        "name": "Basail",
        "bn_name": "বাসাইল"
      },
      {
        "id": "334",
        "name": "Bhuapur",
        "bn_name": "ভুয়াপুর"
      },
      {
        "id": "335",
        "name": "Delduar",
        "bn_name": "দেলদুয়ার"
      },
      {
        "id": "336",
        "name": "Ghatail",
        "bn_name": "ঘাটাইল"
      },
      {
        "id": "337",
        "name": "Gopalpur",
        "bn_name": "গোপালপুর"
      },
      {
        "id": "338",
        "name": "Madhupur",
        "bn_name": "মধুপুর"
      },
      {
        "id": "339",
        "name": "Mirzapur",
        "bn_name": "মির্জাপুর"
      },
      {
        "id": "340",
        "name": "Nagarpur",
        "bn_name": "নাগরপুর"
      },
      {
        "id": "341",
        "name": "Sakhipur",
        "bn_name": "সখিপুর"
      },
      {
        "id": "342",
        "name": "Tangail Sadar",
        "bn_name": "টাঙ্গাইল সদর"
      },
      {
        "id": "343",
        "name": "Kalihati",
        "bn_name": "কালিহাতী"
      },
      {
        "id": "344",
        "name": "Dhanbari",
        "bn_name": "ধনবাড়ী"
      }
    ]
  },
  {
    "district_name": "Kishoreganj",
    "upazilas": [
      {
        "id": "345",
        "name": "Itna",
        "bn_name": "ইটনা"
      },
      {
        "id": "346",
        "name": "Katiadi",
        "bn_name": "কটিয়াদী"
      },
      {
        "id": "347",
        "name": "Bhairab",
        "bn_name": "ভৈরব"
      },
      {
        "id": "348",
        "name": "Tarail",
        "bn_name": "তাড়াইল"
      },
      {
        "id": "349",
        "name": "Hossainpur",
        "bn_name": "হোসেনপুর"
      },
      {
        "id": "350",
        "name": "Pakundia",
        "bn_name": "পাকুন্দিয়া"
      },
      {
        "id": "351",
        "name": "Kuliarchar",
        "bn_name": "কুলিয়ারচর"
      },
      {
        "id": "352",
        "name": "Kishoreganj Sadar",
        "bn_name": "কিশোরগঞ্জ সদর"
      },
      {
        "id": "353",
        "name": "Karimgonj",
        "bn_name": "করিমগঞ্জ"
      },
      {
        "id": "354",
        "name": "Bajitpur",
        "bn_name": "বাজিতপুর"
      },
      {
        "id": "355",
        "name": "Austagram",
        "bn_name": "অষ্টগ্রাম"
      },
      {
        "id": "356",
        "name": "Mithamoin",
        "bn_name": "মিঠামইন"
      },
      {
        "id": "357",
        "name": "Nikli",
        "bn_name": "নিকলী"
      }
    ]
  },
  {
    "district_name": "Manikganj",
    "upazilas": [
      {
        "id": "358",
        "name": "Harirampur",
        "bn_name": "হরিরামপুর"
      },
      {
        "id": "359",
        "name": "Saturia",
        "bn_name": "সাটুরিয়া"
      },
      {
        "id": "360",
        "name": "Manikganj Sadar",
        "bn_name": "মানিকগঞ্জ সদর"
      },
      {
        "id": "361",
        "name": "Gior",
        "bn_name": "ঘিওর"
      },
      {
        "id": "362",
        "name": "Shibaloy",
        "bn_name": "শিবালয়"
      },
      {
        "id": "363",
        "name": "Doulatpur",
        "bn_name": "দৌলতপুর"
      },
      {
        "id": "364",
        "name": "Singiar",
        "bn_name": "সিংগাইর"
      }
    ]
  },
  {
    "district_name": "Dhaka",
    "upazilas": [
      {
        "id": "a2",
        "name": "Dhaka",
        "bn_name": "Dhake"
      },
      {
        "id": "365",
        "name": "Savar",
        "bn_name": "সাভার"
      },
      {
        "id": "366",
        "name": "Dhamrai",
        "bn_name": "ধামরাই"
      },
      {
        "id": "367",
        "name": "Keraniganj",
        "bn_name": "কেরাণীগঞ্জ"
      },
      {
        "id": "368",
        "name": "Nawabganj",
        "bn_name": "নবাবগঞ্জ"
      },
      {
        "id": "369",
        "name": "Dohar",
        "bn_name": "দোহার"
      }
    ]
  },
  {
    "district_name": "Munshiganj",
    "upazilas": [
      {
        "id": "370",
        "name": "Munshiganj Sadar",
        "bn_name": "মুন্সিগঞ্জ সদর"
      },
      {
        "id": "371",
        "name": "Sreenagar",
        "bn_name": "শ্রীনগর"
      },
      {
        "id": "372",
        "name": "Sirajdikhan",
        "bn_name": "সিরাজদিখান"
      },
      {
        "id": "373",
        "name": "Louhajanj",
        "bn_name": "লৌহজং"
      },
      {
        "id": "374",
        "name": "Gajaria",
        "bn_name": "গজারিয়া"
      },
      {
        "id": "375",
        "name": "Tongibari",
        "bn_name": "টংগীবাড়ি"
      }
    ]
  },
  {
    "district_name": "Rajbari",
    "upazilas": [
      {
        "id": "376",
        "name": "Rajbari Sadar",
        "bn_name": "রাজবাড়ী সদর"
      },
      {
        "id": "377",
        "name": "Goalanda",
        "bn_name": "গোয়ালন্দ"
      },
      {
        "id": "378",
        "name": "Pangsa",
        "bn_name": "পাংশা"
      },
      {
        "id": "379",
        "name": "Baliakandi",
        "bn_name": "বালিয়াকান্দি"
      },
      {
        "id": "380",
        "name": "Kalukhali",
        "bn_name": "কালুখালী"
      }
    ]
  },
  {
    "district_name": "Madaripur",
    "upazilas": [
      {
        "id": "381",
        "name": "Madaripur Sadar",
        "bn_name": "মাদারীপুর সদর"
      },
      {
        "id": "382",
        "name": "Shibchar",
        "bn_name": "শিবচর"
      },
      {
        "id": "383",
        "name": "Kalkini",
        "bn_name": "কালকিনি"
      },
      {
        "id": "384",
        "name": "Rajoir",
        "bn_name": "রাজৈর"
      }
    ]
  },
  {
    "district_name": "Gopalganj",
    "upazilas": [
      {
        "id": "385",
        "name": "Gopalganj Sadar",
        "bn_name": "গোপালগঞ্জ সদর"
      },
      {
        "id": "386",
        "name": "Kashiani",
        "bn_name": "কাশিয়ানী"
      },
      {
        "id": "387",
        "name": "Tungipara",
        "bn_name": "টুংগীপাড়া"
      },
      {
        "id": "388",
        "name": "Kotalipara",
        "bn_name": "কোটালীপাড়া"
      },
      {
        "id": "389",
        "name": "Muksudpur",
        "bn_name": "মুকসুদপুর"
      }
    ]
  },
  {
    "district_name": "Faridpur",
    "upazilas": [
      {
        "id": "390",
        "name": "Faridpur Sadar",
        "bn_name": "ফরিদপুর সদর"
      },
      {
        "id": "391",
        "name": "Alfadanga",
        "bn_name": "আলফাডাঙ্গা"
      },
      {
        "id": "392",
        "name": "Boalmari",
        "bn_name": "বোয়ালমারী"
      },
      {
        "id": "393",
        "name": "Sadarpur",
        "bn_name": "সদরপুর"
      },
      {
        "id": "394",
        "name": "Nagarkanda",
        "bn_name": "নগরকান্দা"
      },
      {
        "id": "395",
        "name": "Bhanga",
        "bn_name": "ভাঙ্গা"
      },
      {
        "id": "396",
        "name": "Charbhadrasan",
        "bn_name": "চরভদ্রাসন"
      },
      {
        "id": "397",
        "name": "Madhukhali",
        "bn_name": "মধুখালী"
      },
      {
        "id": "398",
        "name": "Saltha",
        "bn_name": "সালথা"
      }
    ]
  },
  {
    "district_name": "Panchagarh",
    "upazilas": [
      {
        "id": "399",
        "name": "Panchagarh Sadar",
        "bn_name": "পঞ্চগড় সদর"
      },
      {
        "id": "400",
        "name": "Debiganj",
        "bn_name": "দেবীগঞ্জ"
      },
      {
        "id": "401",
        "name": "Boda",
        "bn_name": "বোদা"
      },
      {
        "id": "402",
        "name": "Atwari",
        "bn_name": "আটোয়ারী"
      },
      {
        "id": "403",
        "name": "Tetulia",
        "bn_name": "তেতুলিয়া"
      }
    ]
  },
  {
    "district_name": "Dinajpur",
    "upazilas": [
      {
        "id": "404",
        "name": "Nawabganj",
        "bn_name": "নবাবগঞ্জ"
      },
      {
        "id": "405",
        "name": "Birganj",
        "bn_name": "বীরগঞ্জ"
      },
      {
        "id": "406",
        "name": "Ghoraghat",
        "bn_name": "ঘোড়াঘাট"
      },
      {
        "id": "407",
        "name": "Birampur",
        "bn_name": "বিরামপুর"
      },
      {
        "id": "408",
        "name": "Parbatipur",
        "bn_name": "পার্বতীপুর"
      },
      {
        "id": "409",
        "name": "Bochaganj",
        "bn_name": "বোচাগঞ্জ"
      },
      {
        "id": "410",
        "name": "Kaharol",
        "bn_name": "কাহারোল"
      },
      {
        "id": "411",
        "name": "Fulbari",
        "bn_name": "ফুলবাড়ী"
      },
      {
        "id": "412",
        "name": "Dinajpur Sadar",
        "bn_name": "দিনাজপুর সদর"
      },
      {
        "id": "413",
        "name": "Hakimpur",
        "bn_name": "হাকিমপুর"
      },
      {
        "id": "414",
        "name": "Khansama",
        "bn_name": "খানসামা"
      },
      {
        "id": "415",
        "name": "Birol",
        "bn_name": "বিরল"
      },
      {
        "id": "416",
        "name": "Chirirbandar",
        "bn_name": "চিরিরবন্দর"
      }
    ]
  },
  {
    "district_name": "Lalmonirhat",
    "upazilas": [
      {
        "id": "417",
        "name": "Lalmonirhat Sadar",
        "bn_name": "লালমনিরহাট সদর"
      },
      {
        "id": "418",
        "name": "Kaliganj",
        "bn_name": "কালীগঞ্জ"
      },
      {
        "id": "419",
        "name": "Hatibandha",
        "bn_name": "হাতীবান্ধা"
      },
      {
        "id": "420",
        "name": "Patgram",
        "bn_name": "পাটগ্রাম"
      },
      {
        "id": "421",
        "name": "Aditmari",
        "bn_name": "আদিতমারী"
      }
    ]
  },
  {
    "district_name": "Nilphamari",
    "upazilas": [
      {
        "id": "422",
        "name": "Syedpur",
        "bn_name": "সৈয়দপুর"
      },
      {
        "id": "423",
        "name": "Domar",
        "bn_name": "ডোমার"
      },
      {
        "id": "424",
        "name": "Dimla",
        "bn_name": "ডিমলা"
      },
      {
        "id": "425",
        "name": "Jaldhaka",
        "bn_name": "জলঢাকা"
      },
      {
        "id": "426",
        "name": "Kishorganj",
        "bn_name": "কিশোরগঞ্জ"
      },
      {
        "id": "427",
        "name": "Nilphamari Sadar",
        "bn_name": "নীলফামারী সদর"
      }
    ]
  },
  {
    "district_name": "Gaibandha",
    "upazilas": [
      {
        "id": "428",
        "name": "Sadullapur",
        "bn_name": "সাদুল্লাপুর"
      },
      {
        "id": "429",
        "name": "Gaibandha Sadar",
        "bn_name": "গাইবান্ধা সদর"
      },
      {
        "id": "430",
        "name": "Palashbari",
        "bn_name": "পলাশবাড়ী"
      },
      {
        "id": "431",
        "name": "Saghata",
        "bn_name": "সাঘাটা"
      },
      {
        "id": "432",
        "name": "Gobindaganj",
        "bn_name": "গোবিন্দগঞ্জ"
      },
      {
        "id": "433",
        "name": "Sundarganj",
        "bn_name": "সুন্দরগঞ্জ"
      },
      {
        "id": "434",
        "name": "Phulchari",
        "bn_name": "ফুলছড়ি"
      }
    ]
  },
  {
    "district_name": "Thakurgaon",
    "upazilas": [
      {
        "id": "435",
        "name": "Thakurgaon Sadar",
        "bn_name": "ঠাকুরগাঁও সদর"
      },
      {
        "id": "436",
        "name": "Pirganj",
        "bn_name": "পীরগঞ্জ"
      },
      {
        "id": "437",
        "name": "Ranisankail",
        "bn_name": "রাণীশংকৈল"
      },
      {
        "id": "438",
        "name": "Haripur",
        "bn_name": "হরিপুর"
      },
      {
        "id": "439",
        "name": "Baliadangi",
        "bn_name": "বালিয়াডাঙ্গী"
      }
    ]
  },
  {
    "district_name": "Rangpur",
    "upazilas": [
      {
        "id": "440",
        "name": "Rangpur Sadar",
        "bn_name": "রংপুর সদর"
      },
      {
        "id": "441",
        "name": "Gangachara",
        "bn_name": "গংগাচড়া"
      },
      {
        "id": "442",
        "name": "Taragonj",
        "bn_name": "তারাগঞ্জ"
      },
      {
        "id": "443",
        "name": "Badargonj",
        "bn_name": "বদরগঞ্জ"
      },
      {
        "id": "444",
        "name": "Mithapukur",
        "bn_name": "মিঠাপুকুর"
      },
      {
        "id": "445",
        "name": "Pirgonj",
        "bn_name": "পীরগঞ্জ"
      },
      {
        "id": "446",
        "name": "Kaunia",
        "bn_name": "কাউনিয়া"
      },
      {
        "id": "447",
        "name": "Pirgacha",
        "bn_name": "পীরগাছা"
      }
    ]
  },
  {
    "district_name": "Kurigram",
    "upazilas": [
      {
        "id": "448",
        "name": "Kurigram Sadar",
        "bn_name": "কুড়িগ্রাম সদর"
      },
      {
        "id": "449",
        "name": "Nageshwari",
        "bn_name": "নাগেশ্বরী"
      },
      {
        "id": "450",
        "name": "Bhurungamari",
        "bn_name": "ভুরুঙ্গামারী"
      },
      {
        "id": "451",
        "name": "Phulbari",
        "bn_name": "ফুলবাড়ী"
      },
      {
        "id": "452",
        "name": "Rajarhat",
        "bn_name": "রাজারহাট"
      },
      {
        "id": "453",
        "name": "Ulipur",
        "bn_name": "উলিপুর"
      },
      {
        "id": "454",
        "name": "Chilmari",
        "bn_name": "চিলমারী"
      },
      {
        "id": "455",
        "name": "Rowmari",
        "bn_name": "রৌমারী"
      },
      {
        "id": "456",
        "name": "Charrajibpur",
        "bn_name": "চর রাজিবপুর"
      }
    ]
  },
  {
    "district_name": "Sherpur",
    "upazilas": [
      {
        "id": "457",
        "name": "Sherpur Sadar",
        "bn_name": "শেরপুর সদর"
      },
      {
        "id": "458",
        "name": "Nalitabari",
        "bn_name": "নালিতাবাড়ী"
      },
      {
        "id": "459",
        "name": "Sreebordi",
        "bn_name": "শ্রীবরদী"
      },
      {
        "id": "460",
        "name": "Nokla",
        "bn_name": "নকলা"
      },
      {
        "id": "461",
        "name": "Jhenaigati",
        "bn_name": "ঝিনাইগাতী"
      }
    ]
  },
  {
    "district_name": "Mymensingh",
    "upazilas": [
      {
        "id": "462",
        "name": "Fulbaria",
        "bn_name": "ফুলবাড়ীয়া"
      },
      {
        "id": "463",
        "name": "Trishal",
        "bn_name": "ত্রিশাল"
      },
      {
        "id": "464",
        "name": "Bhaluka",
        "bn_name": "ভালুকা"
      },
      {
        "id": "465",
        "name": "Muktagacha",
        "bn_name": "মুক্তাগাছা"
      },
      {
        "id": "466",
        "name": "Mymensingh Sadar",
        "bn_name": "ময়মনসিংহ সদর"
      },
      {
        "id": "467",
        "name": "Dhobaura",
        "bn_name": "ধোবাউড়া"
      },
      {
        "id": "468",
        "name": "Phulpur",
        "bn_name": "ফুলপুর"
      },
      {
        "id": "469",
        "name": "Haluaghat",
        "bn_name": "হালুয়াঘাট"
      },
      {
        "id": "470",
        "name": "Gouripur",
        "bn_name": "গৌরীপুর"
      },
      {
        "id": "471",
        "name": "Gafargaon",
        "bn_name": "গফরগাঁও"
      },
      {
        "id": "472",
        "name": "Iswarganj",
        "bn_name": "ঈশ্বরগঞ্জ"
      },
      {
        "id": "473",
        "name": "Nandail",
        "bn_name": "নান্দাইল"
      },
      {
        "id": "474",
        "name": "Tarakanda",
        "bn_name": "তারাকান্দা"
      }
    ]
  },
  {
    "district_name": "Jamalpur",
    "upazilas": [
      {
        "id": "475",
        "name": "Jamalpur Sadar",
        "bn_name": "জামালপুর সদর"
      },
      {
        "id": "476",
        "name": "Melandah",
        "bn_name": "মেলান্দহ"
      },
      {
        "id": "477",
        "name": "Islampur",
        "bn_name": "ইসলামপুর"
      },
      {
        "id": "478",
        "name": "Dewangonj",
        "bn_name": "দেওয়ানগঞ্জ"
      },
      {
        "id": "479",
        "name": "Sarishabari",
        "bn_name": "সরিষাবাড়ী"
      },
      {
        "id": "480",
        "name": "Madarganj",
        "bn_name": "মাদারগঞ্জ"
      },
      {
        "id": "481",
        "name": "Bokshiganj",
        "bn_name": "বকশীগঞ্জ"
      }
    ]
  },
  {
    "district_name": "Netrokona",
    "upazilas": [
      {
        "id": "482",
        "name": "Barhatta",
        "bn_name": "বারহাট্টা"
      },
      {
        "id": "483",
        "name": "Durgapur",
        "bn_name": "দুর্গাপুর"
      },
      {
        "id": "484",
        "name": "Kendua",
        "bn_name": "কেন্দুয়া"
      },
      {
        "id": "485",
        "name": "Atpara",
        "bn_name": "আটপাড়া"
      },
      {
        "id": "486",
        "name": "Madan",
        "bn_name": "মদন"
      },
      {
        "id": "487",
        "name": "Khaliajuri",
        "bn_name": "খালিয়াজুরী"
      },
      {
        "id": "488",
        "name": "Kalmakanda",
        "bn_name": "কলমাকান্দা"
      },
      {
        "id": "489",
        "name": "Mohongonj",
        "bn_name": "মোহনগঞ্জ"
      },
      {
        "id": "490",
        "name": "Purbadhala",
        "bn_name": "পূর্বধলা"
      },
      {
        "id": "491",
        "name": "Netrokona Sadar",
        "bn_name": "নেত্রকোণা সদর"
      }
    ]
  },
  {
    "district_name": null,
    "upazilas": [
      {
        "id": "492",
        "name": "Eidgaon",
        "bn_name": "ঈদগাঁও"
      },
      {
        "id": "493",
        "name": "Madhyanagar",
        "bn_name": "মধ্যনগর"
      },
      {
        "id": "494",
        "name": "Dasar",
        "bn_name": "ডাসার"
      }
    ]
  }
]